100,785
100,745
100,839
100,778
100,807
100,767
100,806
100,773
100,866
100,782
100,764
100,842
100,749
100,767
100,802
100,863
100,810
100,825
100,826
100,826
100,817
100,750
100,730
100,820
100,836
100,850
100,787
100,781
100,795
100,830
100,796
100,831
100,818
100,776
100,775
100,780
100,742
100,771
100,779
100,789
100,721
100,821
100,741
100,849
100,731
100,756
100,716
100,817
100,837
100,821
100,774
100,804
100,814
100,743
100,765
100,731
100,827
100,816
100,803
100,775
100,783
100,825
100,789
100,806
100,745
100,840
100,794
100,804
100,851
100,705
100,729
100,779
100,798
100,803
100,774
100,711
100,765
100,772
100,787
100,807
100,767
100,774
100,774
100,795
100,805
100,806
100,745
100,721
100,770
100,837
100,842
100,769
100,827
100,824
100,813
100,794
100,871
100,789
100,812
100,789
100,818
100,799
100,773
100,754
100,764
100,830
100,732
100,706
100,775
100,772
100,815
100,760
100,822
100,854
100,814
100,843
100,812
100,690
100,829
100,844
100,733
100,863
100,737
100,722
100,818
100,803
100,790
100,743
100,886
100,821
100,746
100,788
100,767
100,792
100,695
100,791
100,729
100,788
100,840
100,742
100,855
100,741
100,816
100,787
100,783
100,808
100,812
100,827
100,727
100,756
100,828
100,761
100,710
100,831
100,863
100,846
100,809
100,765
100,768
100,758
100,814
100,788
100,814
100,849
100,844
100,803
100,769
100,784
100,769
100,791
100,772
100,780
100,768
100,799
100,778
100,834
100,755
100,724
100,888
100,733
100,702
100,719
100,786
100,800
100,748
100,820
100,715
100,741
100,786
100,791
100,840
100,737
100,813
100,789
100,832
100,724
100,775
100,767
100,759
100,759
100,808
100,822
100,778
100,718
100,840
100,744
100,815
100,715
100,725
100,784
100,733
100,746
100,799
100,823
100,711
100,843
100,710
100,792
100,910
100,770
100,808
100,743
100,799
100,773
100,789
100,784
100,831
100,795
100,764
100,759
100,773
100,816
100,830
100,764
100,846
100,767
100,792
100,721
100,843
100,738
100,747
100,828
100,723
100,840
100,778
100,781
100,792
100,768
100,740
100,847
100,817
100,716
100,807
100,727
100,780
100,836
100,787
100,795
100,841
100,807
100,789
100,780
100,831
100,828
100,788
100,828
100,766
100,813
100,828
100,763
100,776
100,714
100,777
100,800
100,826
100,759
100,854
100,845
100,823
100,860
100,763
100,817
100,797
100,776
100,786
100,729
100,693
100,733
100,830
100,838
100,743
100,786
100,746
100,732
100,790
100,793
100,823
100,764
100,785
100,731
100,878
100,857
100,816
100,821
100,778
100,806
100,757
100,809
100,879
100,765
100,876
100,776
100,863
100,864
100,759
100,807
100,761
100,774
100,814
100,820
100,741
100,823
100,822
100,692
100,728
100,788
100,779
100,830
100,758
100,840
100,867
100,779
100,845
100,796
100,766
100,723
100,826
100,862
100,793
100,826
100,782
100,763
100,774
100,832
100,745
100,842
100,826
100,708
100,783
100,791
100,833
100,815
100,806
100,758
100,766
100,823
100,784
100,823
100,813
100,827
100,776
100,793
100,764
100,827
100,726
100,729
100,793
100,783
100,814
100,746
100,755
100,762
100,799
100,727
100,788
100,804
100,816
100,789
100,766
100,808
100,802
100,770
100,799
100,758
100,804
100,769
100,707
100,796
100,795
100,774
100,810
100,763
100,801
100,816
100,858
100,727
100,761
100,784
100,767
100,776
100,795
100,800
100,772
100,796
100,723
100,736
100,772
100,854
100,817
100,807
100,762
100,745
100,745
100,740
100,715
100,769
100,796
100,747
100,747
100,760
100,756
100,705
100,745
100,825
100,752
100,806
100,712
100,771
100,817
100,820
100,741
100,718
100,819
100,767
100,769
100,772
100,747
100,764
100,816
100,744
100,781
100,745
100,767
100,797
100,858
100,771
100,801
100,804
100,738
100,859
100,746
100,789
100,780
100,773
100,769
100,781
100,823
100,831
100,811
100,771
100,843
100,769
100,815
100,840
100,725
100,715
100,730
100,738
100,784
100,811
100,808
100,696
100,735
100,786
100,845
100,881
100,765
100,816
100,738
100,724
100,751
100,739
100,764
100,815
100,710
100,746
100,781
100,780
100,817
100,799
100,827
100,779
100,717
100,798
100,751
100,731
100,745
100,705
100,806
100,831
100,772
100,786
100,845
100,731
100,756
100,873
100,876
100,745
100,808
100,804
100,818
100,749
100,796
100,866
100,813
100,798
100,808
100,845
100,697
100,788
100,831
100,773
100,721
100,778
100,795
100,824
100,778
100,746
100,793
100,770
100,829
100,829
100,739
100,786
100,789
100,816
100,797
100,763
100,807
100,758
100,732
100,749
100,773
100,781
100,776
100,811
100,765
100,782
100,772
100,783
100,748
100,761
100,749
100,749
100,789
100,796
100,780
100,779
100,802
100,820
100,821
100,800
100,746
100,791
100,789
100,832
100,777
100,819
100,769
100,852
100,730
100,816
100,826
100,729
100,758
100,771
100,816
100,845
100,767
100,847
100,729
100,826
100,832
100,824
100,803
100,750
100,721
100,840
100,796
100,873
100,713
100,790
100,789
100,839
100,813
100,811
100,791
100,817
100,823
100,841
100,811
100,806
100,782
100,767
100,754
100,693
100,764
100,790
100,731
100,877
100,809
100,727
100,771
100,795
100,798
100,778
100,784
100,702
100,770
100,763
100,792
100,827
100,809
100,731
100,836
100,728
100,759
100,823
100,780
100,763
100,830
100,828
100,747
100,763
100,764
100,782
100,784
100,734
100,773
100,819
100,707
100,766
100,853
100,791
100,842
100,748
100,770
100,816
100,836
100,799
100,824
100,817
100,820
100,769
100,821
100,750
100,852
100,732
100,825
100,791
100,806
100,775
100,824
100,731
100,809
100,845
100,790
100,816
100,743
100,802
100,795
100,835
100,817
100,834
100,806
100,732
100,749
100,758
100,758
100,797
100,801
100,808
100,756
100,710
100,762
100,774
100,765
100,763
100,791
100,825
100,818
100,793
100,751
100,804
100,803
100,772
100,785
100,792
100,807
100,727
100,770
100,765
100,822
100,780
100,813
100,801
100,782
100,754
100,895
100,790
100,785
100,767
100,800
100,764
100,845
100,806
100,801
100,744
100,773
100,835
100,800
100,776
100,887
100,836
100,759
100,778
100,791
100,781
100,761
100,764
100,783
100,752
100,766
100,780
100,831
100,812
100,807
100,850
100,782
100,824
100,781
100,794
100,744
100,766
100,770
100,794
100,814
100,844
100,803
100,751
100,759
100,773
100,791
100,791
100,735
100,839
100,702
100,837
100,760
100,745
100,818
100,723
100,783
100,816
100,757
100,736
100,760
100,782
100,791
100,766
100,807
100,765
100,734
100,790
100,759
100,810
100,735
100,783
100,827
100,735
100,800
100,758
100,796
100,776
100,767
100,836
100,779
100,770
100,865
100,770
100,815
100,807
100,774
100,824
100,822
100,818
100,786
100,846
100,810
100,863
100,769
100,787
100,765
100,767
100,828
100,770
100,773
100,771
100,772
100,769
100,729
100,736
100,799
100,756
100,765
100,717
100,807
100,756
100,837
100,796
100,731
100,763
100,842
100,804
100,805
100,834
100,826
100,756
100,766
100,811
100,827
100,750
100,823
100,735
100,771
100,739
100,749
100,768
100,780
100,796
100,807
100,772
100,730
100,799
100,812
100,835
100,797
100,816
100,789
100,739
100,822
100,841
100,849
100,759
100,821
100,746
100,778
100,827
100,756
100,770
100,816
100,707
100,843
100,822
100,766
100,746
100,800
100,762
100,761
100,789
100,820
100,802
100,823
100,801
100,726
100,756
100,709
100,730
100,758
100,799
100,803
100,805
100,729
100,751
100,818
100,780
100,709
100,876
100,817
100,817
100,807
100,691
100,780
100,790
100,773
100,761
100,827
100,762
100,792
100,776
100,705
100,818
100,825
100,776
100,780
100,784
100,833
100,739
100,834
100,770
100,798
100,784
100,773
100,708
100,757
100,784
100,824
100,800
100,888
100,739
100,823
100,847
100,844
100,732
100,773
100,772
100,787
100,813
100,746
100,743
100,674
100,790
100,701
100,799
100,814
100,791
100,818
100,790
100,732
100,718
100,760
100,820
100,751
100,799
100,750
100,829
100,807
100,728
100,793
100,866
100,787
100,811
100,781
100,799
100,839
100,767
100,749
100,834
100,737
100,822
100,812
100,735
100,765
100,739
100,825
100,764
100,747
100,766
100,802
100,734
100,783
100,721
100,791
100,792
100,764
100,764
100,839
100,700
100,762
100,838
100,820
100,758
100,703
100,801
100,812
100,827
100,797
100,758
100,782
100,781
100,813
100,807
100,743
100,746
100,717
100,812
100,755
100,753
100,770
100,821
100,792
100,811
100,829
100,849
100,739
100,802
100,814
100,827
100,810
100,798
100,810
100,772
100,763
100,848
100,798
100,762
100,802
100,813
100,789
100,726
100,727
100,819
100,802
100,850
100,735
100,758
100,794
100,822
100,777
100,865
100,825
100,767
100,763
100,857
100,784
100,785
100,818
100,763
100,732
100,770
100,782
100,723
100,818
100,747
100,756
100,849
100,749
100,852
100,725
100,751
100,743
100,825
100,728
100,787
100,835
100,780
100,726
100,819
100,848
100,798
100,803
100,806
100,797
100,760
100,761
100,806
100,817
100,767
100,807
100,745
100,706
100,750
100,783
100,822
100,729
100,815
100,860
100,815
100,775
100,831
100,733
100,780
100,819
100,771
100,813
100,737
100,816
100,819
100,767
100,761
100,768
100,837
100,746
100,829
100,729
100,778
100,808
100,870
100,815
100,830
100,767
100,739
100,772
100,796
100,701
100,744
100,795
100,776
100,816
100,879
100,732
100,726
100,804
100,763
100,759
100,761
100,788
100,801
100,796
100,872
100,798
100,812
100,843
100,798
100,857
100,748
100,802
100,860
100,755
100,760
100,718
100,765
100,814
100,790
100,778
100,849
100,802
100,758
100,759
100,798
100,795
100,821
100,786
100,792
100,745
100,771
100,731
100,760
100,820
100,797
100,724
100,770
100,803
100,820
100,752
100,819
100,848
100,784
100,718
100,761
100,790
100,778
100,815
100,794
100,814
100,828
100,755
100,778
100,784
100,817
100,788
100,840
100,793
100,783
100,718
100,744
100,809
100,821
100,795
100,730
100,816
100,806
100,826
100,734
100,778
100,828
100,802
100,730
100,743
100,739
100,708
100,763
100,792
100,774
100,740
100,822
100,798
100,717
100,727
100,773
100,827
100,773
100,775
100,807
100,863
100,741
100,852
100,831
100,808
100,780
100,812
100,799
100,825
100,816
100,758
100,778
100,765
100,796
100,760
100,797
100,718
100,723
100,744
100,772
100,788
100,744
100,783
100,750
100,842
100,736
100,748
100,814
100,794
100,775
100,825
100,757
100,765
100,826
100,814
100,772
100,798
100,729
100,707
100,754
100,805
100,789
100,737
100,746
100,754
100,828
100,704
100,824
100,796
100,731
100,706
100,806
100,741
100,780
100,747
100,686
100,795
100,796
100,811
100,776
100,791
100,770
100,847
100,798
100,771
100,839
100,733
100,808
100,756
100,741
100,778
100,823
100,822
100,770
100,871
100,814
100,804
100,761
100,783
100,754
100,738
100,787
100,784
100,827
100,736
100,737
100,803
100,754
100,784
100,818
100,718
100,732
100,717
100,768
100,726
100,742
100,834
100,789
100,731
100,816
100,742
100,783
100,792
100,802
100,790
100,745
100,805
100,721
100,778
100,785
100,735
100,808
100,767
100,821
100,770
100,744
100,745
100,753
100,791
100,768
100,706
100,811
100,804
100,731
100,772
100,796
100,745
100,806
100,854
100,810
100,814
100,749
100,819
100,800
100,778
100,749
100,787
100,706
100,784
100,847
100,834
100,783
100,820
100,774
100,814
100,787
100,794
100,771
100,821
100,831
100,754
100,733
100,765
100,732
100,739
100,697
100,713
100,863
100,754
100,770
100,708
100,783
100,763
100,780
100,783
100,769
100,701
100,726
100,776
100,732
100,757
100,820
100,729
100,817
100,797
100,822
100,797
100,814
100,802
100,806
100,721
100,873
100,794
100,801
100,804
100,752
100,823
100,737
100,742
100,840
100,796
100,821
100,859
100,836
100,851
100,815
100,711
100,773
100,732
100,831
100,799
100,818
100,709
100,694
100,810
100,850
100,738
100,791
100,804
100,788
100,753
100,799
100,805
100,879
100,730
100,809
100,710
100,791
100,811
100,776
100,731
100,766
100,834
100,728
100,760
100,794
100,776
100,802
100,745
100,730
100,702
100,795
100,848
100,821
100,811
100,773
100,764
100,738
100,806
100,812
100,809
100,799
100,734
100,810
100,759
100,798
100,824
100,804
100,801
100,714
100,804
100,745
100,808
100,810
100,731
100,762
100,814
100,707
100,745
100,791
100,817
100,809
100,741
100,786
100,808
100,741
100,829
100,739
100,761
100,818
100,789
100,815
100,774
100,781
100,718
100,728
100,740
100,801
100,790
100,817
100,727
100,739
100,795
100,801
100,800
100,769
100,820
100,731
100,709
100,785
100,790
100,782
100,829
100,814
100,767
100,813
100,764
100,747
100,832
100,762
100,863
100,781
100,851
100,760
100,725
100,824
100,755
100,796
100,815
100,845
100,743
100,824
100,808
100,782
100,842
100,727
100,821
100,731
100,813
100,828
100,807
100,837
100,820
100,732
100,779
100,725
100,814
100,784
100,823
100,770
100,794
100,785
100,806
100,740
100,745
100,691
100,796
100,729
100,789
100,864
100,774
100,806
100,800
100,829
100,763
100,773
100,739
100,813
100,802
100,777
100,810
100,706
100,741
100,819
100,758
100,731
100,693
100,747
100,812
100,768
100,731
100,801
100,761
100,799
100,807
100,736
100,728
100,705
100,800
100,823
100,802
100,824
100,814
100,730
100,767
100,721
100,804
100,759
100,841
100,796
100,764
100,842
100,745
100,737
100,801
100,777
100,748
100,708
100,782
100,765
100,874
100,741
100,834
100,764
100,776
100,823
100,753
100,820
100,828
100,812
100,810
100,778
100,769
100,809
100,788
100,849
100,703
100,766
100,742
100,748
100,841
100,878
100,827
100,821
100,837
100,716
100,733
100,740
100,815
100,771
100,771
100,763
100,767
100,753
100,863
100,823
100,713
100,770
100,747
100,730
100,774
100,803
100,820
100,778
100,778
100,827
100,783
100,807
100,814
100,775
100,818
100,749
100,774
100,780
100,763
100,854
100,832
100,794
100,721
100,789
100,721
100,770
100,750
100,797
100,789
100,874
100,743
100,820
100,728
100,745
100,808
100,798
100,785
100,792
100,767
100,710
100,760
100,764
100,785
100,791
100,847
100,870
100,802
100,834
100,730
100,829
100,744
100,890
100,783
100,786
100,760
100,746
100,745
100,771
100,755
100,709
100,863
100,772
100,793
100,786
100,701
100,806
100,709
100,774
100,748
100,796
100,765
100,828
100,813
100,770
100,830
100,791
100,797
100,800
100,798
100,728
100,731
100,808
100,834
100,811
100,806
100,820
100,712
100,816
100,749
100,728
100,800
100,833
100,738
100,795
100,780
100,776
100,790
100,725
100,823
100,795
100,801
100,739
100,755
100,783
100,802
100,803
100,703
100,817
100,712
100,716
100,834
100,834
100,804
100,857
100,885
100,833
100,755
100,797
100,784
100,746
100,819
100,827
100,818
100,797
100,755
100,848
100,776
100,796
100,737
100,834
100,785
100,781
100,801
100,739
100,839
100,816
100,812
100,692
100,839
100,849
100,809
100,765
100,740
100,802
100,745
100,783
100,827
100,707
100,837
100,704
100,833
100,841
100,787
100,807
100,752
100,811
100,785
100,737
100,768
100,809
100,752
100,815
100,825
100,790
100,794
100,815
100,868
100,826
100,837
100,777
100,845
100,704
100,805
100,827
100,817
100,796
100,810
100,792
100,745
100,787
100,735
100,810
100,814
100,813
100,742
100,754
100,842
100,716
100,743
100,851
100,808
100,775
100,795
100,830
100,786
100,807
100,783
100,803
100,805
100,695
100,787
100,813
100,791
100,751
100,779
100,795
100,861
100,825
100,824
100,770
100,725
100,758
100,809
100,831
100,811
100,735
100,738
100,850
100,803
100,729
100,821
100,794
100,763
100,810
100,687
100,710
100,765
100,808
100,841
100,841
100,810
100,810
100,792
100,822
100,799
100,748
100,811
100,767
100,851
100,798
100,768
100,801
100,789
100,833
100,723
100,820
100,746
100,705
100,809
100,778
100,731
100,771
100,769
100,800
100,843
100,808
100,755
100,792
100,832
100,807
100,726
100,727
100,858
100,744
100,782
100,779
100,795
100,855
100,854
100,728
100,791
100,698
100,725
100,805
100,806
100,713
100,803
100,779
100,825
100,783
100,810
100,783
100,819
100,824
100,839
100,825
100,818
100,785
100,825
100,824
100,699
100,802
100,790
100,793
100,747
100,852
100,764
100,769
100,706
100,824
100,824
100,745
100,815
100,842
100,823
100,838
100,845
100,755
100,804
100,812
100,765
100,761
100,767
100,708
100,796
100,801
100,835
100,669
100,786
100,808
100,751
100,789
100,698
100,757
100,778
100,720
100,804
100,848
100,692
100,774
100,841
100,824
100,709
100,811
100,860
100,846
100,782
100,795
100,865
100,789
100,788
100,774
100,808
100,814
100,795
100,789
100,784
100,860
100,829
100,822
100,706
100,722
100,777
100,737
100,853
100,685
100,839
100,750
100,801
100,797
100,792
100,713
100,696
100,757
100,765
100,817
100,774
100,746
100,801
100,833
100,765
100,743
100,818
100,856
100,775
100,778
100,772
100,835
100,818
100,806
100,774
100,726
100,840
100,825
100,708
100,707
100,834
100,837
100,788
100,851
100,794
100,791
100,801
100,748
100,720
100,794
100,857
100,848
100,800
100,816
100,802
100,786
100,819
100,812
100,827
100,800
100,753
100,705
100,771
100,820
100,816
100,842
100,720
100,832
100,813
100,732
100,806
100,821
100,698
100,813
100,780
100,816
100,832
100,839
100,838
100,708
100,794
100,855
100,802
100,693
100,791
100,846
100,767
100,800
100,701
100,755
100,863
100,793
100,793
100,779
100,796
100,850
100,817
100,739
100,819
100,760
100,734
100,728
100,805
100,828
100,799
100,796
100,857
100,838
100,678
100,795
100,730
100,856
100,850
100,789
100,832
100,738
100,740
100,783
100,730
100,774
100,722
100,821
100,726
100,790
100,850
100,716
100,812
100,820
100,787
100,767
100,754
100,737
100,797
100,785
100,711
100,721
100,858
100,763
100,774
100,719
100,822
100,703
100,705
100,734
100,773
100,773
100,732
100,797
100,707
100,816
100,779
100,804
100,779
100,751
100,777
100,841
100,726
100,815
100,787
100,824
100,884
100,704
100,821
100,797
100,810
100,841
100,748
100,826
100,840
100,821
100,893
100,790
100,803
100,820
100,804
100,791
100,822
100,698
100,744
100,788
100,777
100,856
100,774
100,800
100,785
100,705
100,725
100,771
100,709
100,762
100,806
100,805
100,856
100,791
100,845
100,754
100,837
100,825
100,815
100,815
100,849
100,805
100,775
100,833
100,841
100,796
100,790
100,811
100,809
100,775
100,729
100,702
100,789
100,772
100,805
100,782
100,818
100,780
100,818
100,699
100,774
100,829
100,748
100,748
100,815
100,813
100,829
100,885
100,789
100,721
100,700
100,762
100,756
100,795
100,758
100,807
100,834
100,827
100,829
100,782
100,738
100,812
100,828
100,782
100,774
100,775
100,735
100,834
100,785
100,808
100,836
100,841
100,726
100,806
100,812
100,823
100,686
100,797
100,810
100,816
100,868
100,773
100,799
100,787
100,713
100,765
100,808
100,827
100,841
100,707
100,704
100,777
100,838
100,825
100,856
100,821
100,815
100,777
100,720
100,855
100,769
100,709
100,888
100,808
100,794
100,780
100,765
100,719
100,839
100,797
100,802
100,827
100,800
100,809
100,863
100,788
100,724
100,729
100,768
100,827
100,709
100,812
100,752
100,838
100,752
100,703
100,805
100,840
100,731
100,831
100,726
100,802
100,803
100,810
100,704
100,823
100,822
100,869
100,859
100,794
100,732
100,806
100,823
100,750
100,790
100,770
100,835
100,807
100,708
100,803
100,855
100,791
100,773
100,756
100,759
100,772
100,765
100,839
100,731
100,708
100,804
100,757
100,800
100,784
100,766
100,808
100,842
100,848
100,730
100,827
100,871
100,804
100,862
100,748
100,801
100,783
100,727
100,818
100,786
100,711
100,835
100,759
100,725
100,705
100,732
100,839
100,733
100,813
100,839
100,791
100,772
100,805
100,833
100,793
100,801
100,790
100,713
100,754
100,725
100,814
100,809
100,760
100,794
100,828
100,838
100,810
100,839
100,761
100,804
100,712
100,768
100,735
100,738
100,768
100,762
100,788
100,813
100,806
100,824
100,822
100,893
100,769
100,827
100,802
100,746
100,743
100,757
100,847
100,748
100,719
100,786
100,818
100,779
100,738
100,743
100,832
100,788
100,839
100,764
100,768
100,802
100,761
100,770
100,821
100,774
100,767
100,809
100,801
100,765
100,758
100,696
100,704
100,805
100,752
100,815
100,798
100,701
100,790
100,813
100,722
100,823
100,745
100,805
100,839
100,848
100,806
100,827
100,781
100,728
100,800
100,765
100,749
100,745
100,775
100,759
100,722
100,719
100,809
100,704
100,808
100,837
100,805
100,855
100,818
100,760
100,815
100,789
100,814
100,711
100,786
100,855
100,803
100,765
100,807
100,821
100,733
100,822
100,796
100,810
100,834
100,848
100,780
100,846
100,790
100,860
100,786
100,743
100,835
100,726
100,812
100,855
100,757
100,770
100,816
100,838
100,708
100,728
100,720
100,835
100,830
100,779
100,739
100,785
100,852
100,808
100,716
100,813
100,798
100,849
100,790
100,739
100,800
100,730
100,761
100,822
100,772
100,811
100,796
100,781
100,758
100,690
100,826
100,756
100,832
100,834
100,816
100,769
100,817
100,830
100,709
100,808
100,829
100,821
100,668
100,817
100,785
100,823
100,865
100,784
100,829
100,829
100,846
100,819
100,799
100,826
100,815
100,745
100,807
100,766
100,788
100,805
100,778
100,795
100,786
100,751
100,766
100,780
100,810
100,841
100,827
100,823
100,821
100,839
100,759
100,734
100,817
100,720
100,806
100,811
100,802
100,777
100,841
100,758
100,746
100,808
100,740
100,854
100,679
100,721
100,845
100,850
100,787
100,817
100,784
100,826
100,710
100,842
100,706
100,823
100,778
100,784
100,842
100,831
100,750
100,825
100,747
100,835
100,786
100,813
100,798
100,865
100,791
100,785
100,731
100,816
100,809
100,814
100,697
100,849
100,779
100,793
100,723
100,756
100,794
100,710
100,787
100,801
100,766
100,729
100,789
100,779
100,804
100,849
100,841
100,780
100,736
100,815
100,708
100,822
100,759
100,804
100,819
100,808
100,767
100,748
100,859
100,823
100,786
100,819
100,773
100,789
100,751
100,843
100,783
100,825
100,829
100,783
100,733
100,733
100,727
100,841
100,738
100,725
100,791
100,721
100,827
100,841
100,809
100,845
100,865
100,839
100,797
100,798
100,771
100,745
100,764
100,764
100,807
100,866
100,706
100,839
100,891
100,691
100,817
100,751
100,813
100,704
100,802
100,790
100,803
100,869
100,841
100,790
100,714
100,756
100,777
100,762
100,711
100,809
100,754
100,783
100,857
100,736
100,786
100,811
100,811
100,737
100,821
100,846
100,808
100,763
100,687
100,810
100,802
100,790
100,726
100,761
100,784
100,792
100,794
100,796
100,831
100,803
100,761
100,789
100,800
100,814
100,807
100,781
100,850
100,750
100,788
100,784
100,843
100,743
100,719
100,793
100,855
100,766
100,809
100,813
100,749
100,772
100,751
100,845
100,817
100,821
100,807
100,759
100,770
100,804
100,826
100,792
100,850
100,732
100,821
100,723
100,763
100,841
100,786
100,817
100,753
100,857
100,862
100,847
100,807
100,764
100,793
100,840
100,760
100,829
100,811
100,862
100,788
100,796
100,722
100,835
100,792
100,769
100,809
100,794
100,873
100,772
100,805
100,777
100,846
100,852
100,735
100,829
100,845
100,787
100,779
100,764
100,809
100,803
100,780
100,846
100,780
100,779
100,819
100,837
100,806
100,777
100,820
100,836
100,766
100,706
100,841
100,798
100,847
100,808
100,723
100,712
100,813
100,711
100,846
100,748
100,724
100,767
100,839
100,795
100,730
100,720
100,833
100,856
100,825
100,772
100,717
100,734
100,772
100,719
100,852
100,813
100,787
100,849
100,774
100,772
100,727
100,776
100,758
100,778
100,815
100,850
100,721
100,844
100,759
100,789
100,800
100,856
100,776
100,768
100,848
100,695
100,834
100,839
100,821
100,728
100,736
100,805
100,855
100,707
100,767
100,814
100,686
100,766
100,775
100,808
100,818
100,760
100,728
100,824
100,794
100,845
100,745
100,744
100,881
100,800
100,855
100,746
100,782
100,799
100,707
100,740
100,832
100,701
100,849
100,808
100,707
100,706
100,802
100,855
100,772
100,785
100,710
100,848
100,800
100,746
100,855
100,824
100,800
100,769
100,810
100,832
100,782
100,719
100,815
100,827
100,816
100,811
100,685
100,751
100,734
100,735
100,864
100,726
100,769
100,849
100,828
100,855
100,805
100,759
100,740
100,785
100,723
100,694
100,714
100,712
100,751
100,784
100,777
100,731
100,857
100,822
100,816
100,765
100,811
100,839
100,784
100,823
100,812
100,806
100,722
100,796
100,739
100,701
100,792
100,724
100,766
100,696
100,818
100,795
100,785
100,887
100,762
100,806
100,808
100,854
100,794
100,816
100,707
100,793
100,678
100,806
100,821
100,800
100,803
100,825
100,731
100,792
100,777
100,815
100,816
100,754
100,761
100,868
100,860
100,800
100,769
100,698
100,814
100,810
100,827
100,708
100,808
100,802
100,835
100,727
100,848
100,794
100,837
100,810
100,711
100,812
100,806
100,707
100,791
100,821
100,746
100,732
100,814
100,818
100,859
100,869
100,707
100,821
100,831
100,767
100,807
100,778
100,703
100,705
100,782
100,792
100,763
100,763
100,814
100,725
100,842
100,805
100,785
100,829
100,706
100,707
100,831
100,751
100,839
100,811
100,710
100,791
100,826
100,812
100,775
100,742
100,777
100,790
100,723
100,753
100,801
100,747
100,785
100,749
100,782
100,841
100,741
100,796
100,825
100,750
100,818
100,691
100,822
100,788
100,667
100,762
100,786
100,792
100,845
100,822
100,731
100,815
100,805
100,816
100,862
100,687
100,766
100,797
100,786
100,749
100,780
100,772
100,769
100,819
100,764
100,770
100,809
100,780
100,694
100,729
100,701
100,750
100,818
100,853
100,723
100,780
100,779
100,854
100,720
100,745
100,839
100,844
100,835
100,839
100,767
100,757
100,862
100,776
100,789
100,772
100,726
100,822
100,756
100,770
100,684
100,834
100,806
100,791
100,697
100,823
100,806
100,791
100,847
100,688
100,802
100,758
100,718
100,806
100,785
100,761
100,837
100,849
100,820
100,770
100,821
100,849
100,782
100,830
100,864
100,787
100,789
100,784
100,817
100,841
100,817
100,745
100,727
100,794
100,829
100,718
100,815
100,800
100,794
100,722
100,731
100,777
100,866
100,766
100,775
100,815
100,859
100,814
100,796
100,819
100,830
100,705
100,708
100,727
100,805
100,810
100,821
100,780
100,733
100,799
100,807
100,795
100,868
100,687
100,709
100,809
100,805
100,756
100,811
100,700
100,819
100,778
100,820
100,791
100,847
100,784
100,755
100,733
100,734
100,770
100,825
100,846
100,792
100,809
100,779
100,769
100,837
100,805
100,839
100,798
100,830
100,827
100,792
100,751
100,819
100,752
100,810
100,809
100,809
100,825
100,844
100,845
100,854
100,818
100,799
100,710
100,765
100,851
100,736
100,839
100,767
100,816
100,711
100,711
100,806
100,818
100,817
100,819
100,727
100,823
100,833
100,850
100,745
100,785
100,699
100,788
100,731
100,747
100,827
100,792
100,765
100,823
100,839
100,814
100,828
100,750
100,820
100,699
100,842
100,733
100,796
100,779
100,801
100,759
100,801
100,801
100,767
100,821
100,804
100,695
100,773
100,815
100,814
100,770
100,772
100,733
100,847
100,805
100,846
100,821
100,834
100,690
100,804
100,689
100,801
100,755
100,827
100,838
100,796
100,856
100,796
100,787
100,795
100,778
100,863
100,804
100,748
100,796
100,799
100,750
100,803
100,781
100,721
100,705
100,726
100,833
100,730
100,810
100,772
100,816
100,820
100,769
100,816
100,805
100,776
100,789
100,711
100,740
100,706
100,844
100,684
100,683
100,771
100,839
100,861
100,831
100,843
100,802
100,795
100,728
100,757
100,812
100,844
100,840
100,808
100,712
100,739
100,707
100,664
100,700
100,776
100,818
100,839
100,683
100,733
100,817
100,830
100,793
100,814
100,775
100,744
100,791
100,763
100,842
100,768
100,858
100,706
100,816
100,711
100,794
100,767
100,833
100,724
100,814
100,709
100,795
100,773
100,760
100,846
100,695
100,819
100,758
100,810
100,677
100,709
100,814
100,773
100,702
100,816
100,810
100,731
100,876
100,776
100,792
100,816
100,686
100,723
100,729
100,807
100,802
100,766
100,784
100,789
100,804
100,839
100,692
100,851
100,740
100,792
100,727
100,727
100,807
100,797
100,794
100,776
100,791
100,688
100,791
100,831
100,823
100,761
100,826
100,757
100,804
100,783
100,819
100,769
100,701
100,800
100,802
100,839
100,757
100,816
100,774
100,816
100,720
100,811
100,824
100,814
100,753
100,779
100,825
100,833
100,848
100,850
100,789
100,832
100,800
100,805
100,804
100,809
100,786
100,775
100,774
100,845
100,779
100,766
100,759
100,702
100,737
100,777
100,685
100,788
100,779
100,822
100,802
100,813
100,770
100,724
100,776
100,730
100,830
100,793
100,789
100,805
100,814
100,797
100,810
100,797
100,750
100,788
100,773
100,813
100,816
100,813
100,767
100,766
100,762
100,703
100,757
100,798
100,829
100,812
100,778
100,734
100,770
100,816
100,710
100,790
100,697
100,845
100,731
100,830
100,778
100,834
100,791
100,837
100,762
100,717
100,732
100,806
100,718
100,811
100,831
100,839
100,834
100,846
100,705
100,742
100,828
100,695
100,819
100,845
100,785
100,727
100,786
100,796
100,757
100,870
100,732
100,768
100,825
100,786
100,844
100,817
100,708
100,779
100,708
100,839
100,759
100,803
100,829
100,841
100,811
100,846
100,711
100,809
100,837
100,795
100,721
100,732
100,820
100,839
100,875
100,732
100,764
100,784
100,758
100,812
100,770
100,824
100,700
100,775
100,839
100,819
100,801
100,787
100,769
100,784
100,812
100,759
100,800
100,723
100,758
100,824
100,826
100,784
100,738
100,792
100,748
100,786
100,845
100,722
100,790
100,789
100,829
100,839
100,712
100,785
100,818
100,788
100,787
100,808
100,820
100,833
100,782
100,828
100,804
100,888
100,747
100,763
100,844
100,857
100,797
100,805
100,837
100,710
100,748
100,816
100,812
100,808
100,816
100,724
100,772
100,800
100,828
100,696
100,820
100,784
100,809
100,728
100,782
100,757
100,701
100,892
100,809
100,845
100,751
100,733
100,813
100,809
100,812
100,826
100,790
100,841
100,855
100,761
100,850
100,772
100,800
100,865
100,763
100,762
100,825
100,832
100,846
100,797
100,838
100,802
100,841
100,710
100,808
100,795
100,707
100,739
100,857
100,851
100,853
100,790
100,806
100,773
100,843
100,786
100,823
100,863
100,815
100,800
100,839
100,733
100,800
100,774
100,806
100,785
100,808
100,795
100,731
100,817
100,786
100,795
100,853
100,819
100,831
100,737
100,687
100,800
100,756
100,820
100,834
100,767
100,804
100,744
100,783
100,787
100,774
100,808
100,771
100,801
100,731
100,772
100,815
100,761
100,815
100,763
100,806
100,763
100,833
100,809
100,720
100,818
100,722
100,705
100,844
100,808
100,729
100,745
100,718
100,691
100,794
100,746
100,818
100,819
100,792
100,828
100,806
100,786
100,757
100,744
100,771
100,800
100,836
100,853
100,825
100,727
100,832
100,872
100,723
100,814
100,834
100,833
100,790
100,841
100,787
100,813
100,777
100,816
100,729
100,735
100,766
100,841
100,839
100,829
100,871
100,831
100,704
100,816
100,744
100,792
100,740
100,845
100,782
100,690
100,808
100,814
100,817
100,819
100,846
100,761
100,774
100,789
100,833
100,751
100,813
100,751
100,744
100,829
100,800
100,742
100,825
100,735
100,806
100,809
100,786
100,850
100,702
100,830
100,891
100,722
100,792
100,742
100,842
100,721
100,779
100,778
100,801
100,815
100,802
100,804
100,790
100,734
100,810
100,709
100,751
100,855
100,821
100,809
100,769
100,774
100,824
100,694
100,693
100,706
100,848
100,758
100,817
100,758
100,760
100,808
100,776
100,805
100,707
100,783
100,727
100,841
100,822
100,764
100,799
100,788
100,732
100,776
100,824
100,781
100,767
100,838
100,740
100,772
100,833
100,787
100,798
100,827
100,805
100,780
100,794
100,740
100,787
100,704
100,816
100,805
100,845
100,711
100,767
100,787
100,726
100,795
100,811
100,833
100,716
100,796
100,718
100,810
100,794
100,722
100,772
100,802
100,828
100,724
100,789
100,782
100,817
100,780
100,830
100,728
100,841
100,748
100,802
100,729
100,816
100,829
100,790
100,800
100,724
100,754
100,831
100,839
100,788
100,787
100,725
100,784
100,752
100,818
100,800
100,826
100,839
100,799
100,727
100,775
100,814
100,779
100,848
100,762
100,791
100,701
100,839
100,784
100,746
100,812
100,760
100,784
100,754
100,786
100,816
100,832
100,750
100,762
100,758
100,838
100,827
100,807
100,801
100,792
100,801
100,751
100,744
100,723
100,840
100,850
100,716
100,796
100,801
100,735
100,826
100,835
100,810
100,810
100,805
100,845
100,698
100,739
100,815
100,781
100,746
100,725
100,715
100,791
100,838
100,784
100,815
100,791
100,752
100,804
100,811
100,775
100,790
100,778
100,777
100,727
100,855
100,790
100,824
100,811
100,726
100,783
100,702
100,817
100,847
100,789
100,773
100,836
100,855
100,793
100,728
100,745
100,814
100,741
100,813
100,779
100,802
100,826
100,824
100,764
100,810
100,776
100,749
100,699
100,820
100,734
100,782
100,769
100,727
100,794
100,762
100,790
100,889
100,783
100,766
100,800
100,807
100,828
100,855
100,752
100,778
100,805
100,722
100,749
100,704
100,775
100,773
100,746
100,799
100,799
100,779
100,834
100,743
100,808
100,701
100,779
100,744
100,832
100,853
100,704
100,807
100,809
100,864
100,772
100,821
100,667
100,845
100,819
100,781
100,811
100,740
100,713
100,798
100,780
100,791
100,810
100,733
100,733
100,775
100,831
100,779
100,754
100,811
100,793
100,754
100,768
100,824
100,776
100,770
100,746
100,779
100,809
100,822
100,719
100,666
100,805
100,769
100,786
100,810
100,761
100,764
100,796
100,806
100,736
100,790
100,827
100,854
100,820
100,813
100,777
100,799
100,794
100,825
100,882
100,833
100,829
100,729
100,830
100,705
100,808
100,745
100,789
100,767
100,701
100,756
100,838
100,709
100,773
100,785
100,773
100,815
100,850
100,745
100,815
100,707
100,818
100,835
100,766
100,705
100,757
100,789
100,798
100,737
100,753
100,855
100,810
100,692
100,755
100,861
100,708
100,759
100,845
100,723
100,752
100,786
100,828
100,857
100,808
100,823
100,812
100,706
100,804
100,804
100,814
100,834
100,810
100,855
100,729
100,783
100,707
100,883
100,829
100,803
100,739
100,779
100,800
100,703
100,784
100,766
100,816
100,756
100,828
100,805
100,775
100,721
100,794
100,778
100,668
100,841
100,814
100,796
100,856
100,819
100,778
100,739
100,776
100,710
100,783
100,817
100,817
100,820
100,783
100,802
100,795
100,804
100,706
100,842
100,837
100,833
100,813
100,819
100,742
100,798
100,781
100,821
100,789
100,793
100,812
100,821
100,788
100,790
100,809
100,792
100,743
100,780
100,741
100,783
100,706
100,855
100,839
100,760
100,763
100,836
100,695
100,765
100,794
100,851
100,840
100,736
100,828
100,743
100,853
100,771
100,744
100,793
100,840
100,779
100,827
100,707
100,770
100,869
100,759
100,829
100,825
100,763
100,813
100,839
100,845
100,707
100,776
100,805
100,709
100,850
100,761
100,803
100,728
100,770
