1324,10115
496,3971
1078,8119
1172,8916
854,6505
582,4297
1648,13242
854,6501
390,3128
854,6500
854,6508
524,4176
582,4305
854,6505
1172,8924
1566,12613
524,4176
1648,13243
902,6984
432,3410
192,1525
1078,8128
582,4302
1238,9674
1658,13282
766,6286
1566,12605
1122,8583
390,3125
1632,13090
2000,16142
390,3127
1078,8130
1324,10116
1122,8581
1324,10116
582,4310
1154,8947
482,3847
854,6509
854,6509
854,6509
582,4299
390,3127
582,4305
482,3848
854,6504
902,6987
2000,15350
854,6515
582,4308
1238,9674
854,6506
582,4311
854,6515
484,3849
390,3123
854,6510
1324,10121
854,6519
854,6507
902,6983
1096,8093
248,1994
1172,8921
1566,12614
484,3850
1108,8498
1172,8927
582,4299
582,4301
1648,13241
484,3848
586,4569
484,3846
484,3849
582,4299
582,4298
1648,13247
1658,13281
484,3843
484,3846
496,3970
390,3123
248,1993
1632,13090
582,4305
854,6511
284,2110
1950,15153
390,3126
1396,10673
854,6513
742,6040
2000,15559
516,4038
190,1581
1324,10115
390,3128
1172,8929
768,6052
1146,9247
582,4299
484,3848
854,6508
484,3852
854,6510
608,4578
582,4301
1648,13242
854,6509
390,3126
854,6508
390,3118
1256,9822
766,6287
432,3326
690,5016
766,6295
390,3124
854,6505
902,6977
620,4795
1324,10116
766,6294
484,3847
390,3122
582,4299
1566,12614
2000,16375
582,4302
1238,9674
582,4301
766,6292
688,5003
582,4305
1058,7821
2000,15357
1658,13290
2000,15343
2000,16229
2000,15352
766,6292
1636,13097
1648,13247
854,6504
1648,13244
1632,13087
854,6503
620,4790
1648,13246
582,4301
582,4304
1172,8923
1566,12617
1566,12614
390,3119
1154,8945
582,4302
620,4790
1636,13096
432,3328
1636,13098
902,6983
854,6504
902,6985
1122,8577
854,6516
1172,8929
902,6977
956,7448
396,2932
582,4294
1632,13089
484,3850
1470,11378
854,6515
854,6502
902,6986
854,6513
608,4574
854,6513
1154,8954
390,3128
582,4304
484,3846
750,5697
582,4301
854,6508
484,3845
390,3124
854,6509
1648,13245
1636,13099
524,4176
1324,10112
804,6439
582,4301
854,6509
1122,8581
390,3124
484,3850
1122,8584
484,3846
854,6508
582,4304
280,2285
582,4309
854,6505
582,4306
854,6505
396,2930
390,3127
854,6501
472,3393
766,6289
582,4304
582,4306
1566,12614
2000,16138
1238,9680
854,6503
1650,13171
390,3127
582,4303
1324,10120
390,3127
1636,13099
1650,13170
1818,14265
1652,13201
484,3846
766,6290
582,4304
766,6290
854,6505
582,4306
742,6045
664,5355
854,6496
854,6495
1632,13092
1058,7817
2000,16004
1632,13090
1256,9825
1146,9246
390,3120
484,3850
1470,11375
496,3973
472,3398
710,5587
582,4301
484,3842
766,6290
854,6499
482,3849
1636,13099
902,6981
956,7453
390,3120
484,3847
766,6290
854,6514
1172,8926
854,6506
390,3121
1648,13244
854,6503
1154,8948
472,3396
854,6497
284,2116
484,3848
854,6509
1648,13246
902,6987
1636,13099
766,6288
854,6507
1122,8583
766,6297
2000,15470
1256,9824
582,4301
1058,7817
854,6513
248,1994
1256,9830
582,4303
1632,13092
1078,8124
396,2930
390,3112
582,4307
766,6295
582,4298
854,6503
582,4303
190,1582
902,6983
1256,9830
766,6291
390,3118
390,3124
854,6497
1636,13099
1566,12617
620,4791
364,2966
854,6508
766,6293
1566,12616
582,4299
1238,9677
582,4309
582,4300
766,6292
854,6514
484,3851
390,3127
676,4918
690,5018
582,4300
854,6496
2000,15500
902,6984
854,6510
766,6292
390,3129
1950,15147
1078,8123
1632,13092
854,6486
582,4303
2000,15373
390,3124
1632,13091
902,6982
432,3336
854,6507
2000,15495
1172,8926
582,4305
766,6294
484,3842
1058,7818
1122,8579
484,3847
390,3129
2000,15328
484,3852
1298,10100
1122,8580
768,6055
854,6516
484,3849
192,1527
766,6295
1640,13114
582,4307
396,2932
902,6983
582,4298
582,4303
854,6503
1648,13247
482,3850
582,4302
854,6507
484,3854
396,2935
582,4301
1324,10114
664,5354
484,3846
710,5585
582,4300
390,3124
1238,9672
710,5450
710,5453
854,6510
1648,13246
582,4303
582,4301
496,3974
390,3125
484,3846
390,3120
396,2929
1658,13287
854,6510
766,6292
854,6505
1122,8583
1650,13180
828,6401
1650,13172
390,3125
1238,9678
902,6988
432,3330
582,4297
854,6506
582,4298
364,2966
1108,8497
484,3847
582,4302
854,6501
582,4299
854,6502
854,6507
854,6505
390,3122
396,2927
582,4303
390,3126
1078,8130
854,6509
484,3843
192,1519
582,4296
1658,13286
582,4306
582,4305
1256,9829
854,6518
582,4319
484,3850
1648,13247
1058,7821
2000,15529
854,6494
854,6503
1324,10114
524,4178
396,2932
854,6501
582,4301
854,6505
390,3127
664,5352
582,4299
1108,8495
390,3124
854,6512
1470,11383
1632,13090
390,3097
1950,15156
854,6493
854,6511
724,5733
484,3849
854,6511
1122,8579
1818,14261
390,3127
582,4309
524,4171
390,3124
854,6513
484,3853
582,4302
854,6512
244,1954
796,6387
1122,8576
2000,15322
620,4793
1324,10112
766,6295
1566,12617
582,4299
854,6512
582,4298
582,4298
854,6513
390,3127
432,3324
484,3861
582,4304
582,4306
854,6513
710,5452
1648,13245
956,7455
390,3123
2000,16138
1058,7815
524,4176
854,6513
854,6507
582,4313
608,4577
1648,13244
854,6511
854,6490
390,3128
854,6501
484,3849
582,4300
190,1577
1566,12614
582,4305
390,3124
1256,9826
1632,13090
1058,7823
390,3122
390,3128
1648,13245
2000,16400
2000,16143
2000,16085
582,4303
902,6984
2000,16206
854,6505
854,6511
1632,13092
582,4309
854,6506
396,2934
1654,13258
766,6293
1632,13090
484,3851
2000,16207
742,6047
1324,10112
582,4303
1648,13244
902,6983
582,4303
1632,13091
620,4792
1122,8580
854,6497
390,3123
1652,13199
854,6508
390,3129
582,4305
2000,15357
582,4306
956,7455
582,4308
582,4301
854,6507
582,4309
1950,15151
496,3970
1636,13096
1648,13241
1648,13244
902,6980
1238,9673
854,6510
854,6502
956,7453
854,6507
390,3126
1122,8579
192,1521
582,4295
364,2966
742,6044
390,3126
766,6286
1110,8497
1636,13100
1154,8947
766,6292
854,6501
582,4301
902,6987
854,6507
2000,15356
766,6286
1648,13246
488,3845
854,6510
586,4567
390,3122
902,6980
190,1575
854,6511
390,3124
1632,13091
192,1527
1658,13287
390,3117
1324,10115
390,3125
1950,15153
1636,13095
854,6509
1644,13150
2000,15355
1396,10673
2000,15335
550,4079
854,6508
390,3126
854,6503
190,1581
854,6505
582,4301
582,4297
1632,13091
1636,13098
1212,9850
1632,13090
854,6506
710,5452
1324,10115
582,4306
854,6505
710,5455
1324,10115
766,6292
854,6512
854,6509
1122,8583
1636,13098
582,4303
768,6048
1950,15144
582,4307
582,4297
244,1954
1636,13098
2000,16352
582,4306
620,4791
1648,13247
582,4301
582,4300
1566,12607
766,6295
1648,13244
582,4300
1122,8582
1636,13096
766,6288
1636,13099
1256,9830
496,3973
766,6292
582,4303
854,6509
1172,8926
1256,9830
854,6508
192,1525
482,3853
1058,7818
484,3847
1632,13090
1058,7815
768,6049
902,6987
484,3846
390,3126
2000,15476
484,3848
2000,16145
766,6293
854,6513
704,5456
724,5730
582,4304
1154,8941
854,6508
582,4296
496,3975
956,7449
390,3124
1636,13098
582,4304
1648,13244
582,4300
582,4299
854,6507
1640,13133
1658,13281
1648,13244
496,3971
582,4311
768,6050
2000,15322
854,6518
1648,13247
854,6504
390,3121
854,6493
1122,8582
2000,15503
752,5838
1640,13118
766,6293
390,3127
2000,15496
582,4304
1566,12613
582,4304
390,3121
2000,15357
1108,8494
854,6508
1658,13289
484,3846
1652,13205
1636,13098
1154,8941
1256,9825
854,6510
1636,13098
1566,12619
390,3132
582,4307
2000,16145
902,6987
654,5025
516,4039
582,4304
804,6443
618,4726
582,4300
1636,13098
1648,13245
1154,8950
854,6505
1144,8842
854,6504
664,5352
724,5733
1652,13208
582,4304
396,2926
396,2934
432,3324
1470,11376
1566,12614
390,3119
396,2931
854,6509
484,3855
582,4305
390,3123
854,6507
902,6989
1324,10114
1172,8929
2000,15336
582,4301
1658,13288
482,3847
854,6509
484,3848
2000,15350
582,4308
390,3126
1122,8586
516,4035
390,3124
1658,13283
582,4299
1298,10100
766,6290
582,4299
854,6506
854,6509
902,6987
854,6513
582,4301
956,7454
390,3122
1658,13284
1154,8948
582,4307
390,3120
1154,8943
1324,10114
190,1583
854,6504
1652,13209
1172,8921
484,3844
390,3122
484,3860
390,3126
854,6506
390,3130
496,3968
390,3125
1654,13259
390,3121
1174,9327
854,6499
1652,13242
2000,15550
390,3125
854,6515
582,4298
582,4303
854,6507
854,6504
1632,13089
1652,13206
854,6493
1058,7817
1566,12607
1110,8498
390,3121
1324,10120
582,4303
582,4297
766,6292
1122,8580
390,3121
192,1526
1950,15156
854,6510
582,4306
488,3853
2000,15551
854,6510
484,3849
396,2927
582,4297
390,3127
582,4293
582,4302
390,3126
766,6296
390,3125
582,4298
582,4302
1658,13287
496,3968
1632,13091
524,4177
2000,16139
2000,16081
582,4299
390,3122
1470,11375
192,1525
620,4789
854,6509
582,4300
484,3850
854,6501
854,6510
582,4300
1636,13098
608,4579
1238,9673
1636,13098
582,4306
582,4298
390,3126
582,4302
582,4299
1238,9671
1648,13248
248,1992
390,3127
854,6501
582,4300
396,2928
582,4303
1078,8128
1324,10114
2000,16135
1650,13171
2000,16141
854,6507
1058,7821
1110,8498
854,6512
582,4303
190,1580
854,6511
710,5453
1210,9809
556,4113
390,3124
1650,13172
1172,8921
620,4787
2000,15360
582,4298
582,4306
620,4794
854,6503
1108,8498
664,5355
396,3176
1632,13090
244,1954
390,3127
582,4311
2000,15354
1950,15146
1324,10122
496,3970
1154,8941
582,4304
482,3843
396,2932
2000,16353
1650,13172
902,6986
1648,13247
482,3849
2000,15361
1470,11370
854,6508
390,3127
390,3122
524,4171
390,3125
582,4306
582,4299
676,4924
854,6510
472,3393
854,6507
390,3126
484,3849
1110,8498
390,3124
854,6508
1058,7818
582,4300
1648,13248
582,4307
1658,13287
854,6516
390,3117
854,6505
1058,7822
484,3847
190,1578
854,6497
482,3853
2000,15326
854,6509
1566,12617
620,4793
1058,7821
854,6504
484,3853
496,3968
742,6042
854,6499
2000,15476
854,6491
1658,13281
2000,15362
582,4303
582,4300
484,3848
396,2920
2000,15347
854,6511
2000,15364
1650,13174
582,4298
854,6508
766,6295
472,3392
432,3328
1030,8232
1146,9244
854,6510
582,4309
396,2937
1238,9674
858,6507
390,3127
1644,13126
2000,15468
902,6987
390,3123
854,6505
582,4311
854,6506
854,6507
484,3856
582,4301
582,4297
582,4300
482,3847
1238,9674
1256,9829
1030,8231
390,3127
854,6511
1172,8924
484,3844
1648,13247
664,5356
1818,14266
1636,13100
284,2116
390,3123
902,6984
484,3850
582,4296
484,3856
390,3127
1096,8093
582,4300
582,4301
854,6513
1648,13246
766,6292
582,4303
582,4304
582,4308
496,3970
956,7441
364,2967
1632,13093
2000,15459
854,6507
1566,12615
854,6510
390,3127
766,6292
582,4297
710,5454
1154,8952
1650,13178
582,4301
766,6292
854,6507
1110,8498
1470,11375
854,6513
854,6502
582,4305
620,4791
484,3849
854,6509
582,4300
1632,13091
766,6293
390,3120
482,3844
664,5349
1470,11374
956,7454
902,6985
484,3846
390,3125
854,6500
2000,15551
902,6978
1650,13171
854,6501
854,6505
582,4305
854,6510
582,4298
752,5833
1632,13092
582,4307
1470,11381
2000,15353
484,3855
390,3127
766,6291
582,4305
390,3126
902,6983
396,2935
860,6519
1058,7821
1648,13244
766,6293
1548,12217
396,2933
582,4302
902,6981
854,6506
2000,15357
1110,8497
1058,7818
828,6406
766,6290
482,3855
742,6040
582,4297
582,4311
854,6490
1658,13286
854,6499
582,4300
484,3847
710,5582
484,3846
902,6989
956,7450
582,4304
244,1954
582,4303
1324,10115
2000,15343
390,3126
484,3845
1648,13244
902,6984
284,2116
1636,13100
390,3127
1644,13154
766,6299
586,4576
1714,13356
390,3124
854,6515
582,4300
854,6506
582,4299
796,6388
1122,8586
582,4304
1122,8581
1566,12608
854,6510
854,6509
390,3122
766,6295
390,3129
766,6290
582,4306
582,4301
582,4305
582,4303
902,6982
428,3386
2000,15350
854,6504
582,4296
1058,7817
2000,16148
620,4790
248,1991
390,3132
1324,10112
482,3840
582,4301
582,4304
432,3340
484,3843
1566,12604
766,6290
1636,13098
854,6499
482,3844
854,6510
854,6513
484,3844
766,6292
484,3843
390,3121
1324,10114
582,4304
484,3849
248,1993
768,6049
854,6504
484,3848
724,5730
1818,14262
582,4302
690,5012
390,3122
1648,13246
582,4302
396,2923
582,4299
582,4302
582,4303
1174,9324
1636,13100
484,3850
1648,13248
484,3850
750,5699
582,4299
390,3125
902,6987
582,4299
582,4301
766,6293
390,3125
1648,13247
2000,16253
766,6291
1172,8926
582,4302
390,3120
484,3847
902,6979
854,6510
854,6510
1644,13130
854,6515
582,4310
1654,13262
390,3127
854,6508
854,6503
582,4304
582,4298
390,3126
654,5026
1654,13257
582,4298
390,3126
582,4304
582,4304
1648,13244
1648,13242
390,3127
1256,9829
496,3975
1714,13353
484,3852
1172,8920
1200,9162
854,6504
1110,8497
472,3391
620,4794
752,5829
1648,13247
854,6503
582,4306
496,3974
1636,13098
608,4576
390,3126
1650,13164
854,6507
608,4578
724,5730
1122,8589
854,6506
582,4301
674,4864
1648,13247
1324,10122
752,5841
484,3842
710,5453
1632,13090
854,6507
582,4312
1324,10115
390,3121
854,6505
1658,13288
1110,8498
1648,13247
484,3850
1212,9847
1648,13248
828,6410
190,1583
390,3126
1632,13088
2000,15337
854,6507
484,3848
1298,10104
854,6513
1632,13090
854,6513
582,4304
1650,13169
1172,8927
2000,15434
1658,13286
1648,13244
854,6508
854,6508
582,4295
1324,10112
582,4300
1298,10120
664,5354
2000,15362
854,6507
854,6510
582,4310
902,6987
766,6294
1238,9678
390,3124
854,6515
1470,11375
854,6511
1324,10112
390,3127
2000,15473
752,5838
390,3121
854,6511
1636,13098
582,4300
582,4305
854,6503
582,4305
582,4302
582,4300
1146,9241
1632,13088
1058,7821
582,4298
496,3970
854,6497
766,6294
1212,9850
1636,13096
854,6508
854,6503
248,1993
390,3124
854,6510
1324,10111
2000,15354
854,6510
582,4304
1470,11381
1648,13248
854,6507
766,6290
496,3970
854,6508
1648,13243
248,1994
582,4297
604,4753
2000,16117
1324,10116
582,4305
582,4299
1818,14262
582,4293
1324,10113
582,4307
390,3125
1654,13258
582,4296
582,4302
618,4719
484,3857
1324,10112
854,6507
1652,13205
582,4307
854,6508
484,3848
582,4304
582,4287
192,1524
854,6507
902,6987
484,3851
854,6506
390,3127
854,6508
484,3848
2000,16214
854,6511
766,6289
796,6394
1108,8495
854,6502
582,4300
1648,13245
582,4315
582,4298
364,2966
1950,15144
766,6291
1818,14265
2000,15364
1566,12613
1108,8495
582,4305
2000,15536
854,6508
1648,13245
854,6505
1110,8498
582,4303
1298,10116
484,3846
766,6292
854,6504
484,3849
390,3124
854,6516
582,4297
1566,12603
390,3121
1566,12617
582,4302
1238,9679
472,3394
1652,13199
484,3859
620,4790
582,4303
582,4300
248,1994
582,4302
1650,13174
1122,8584
396,2940
1648,13246
1200,9163
582,4302
854,6500
582,4309
1648,13246
854,6509
2000,16212
854,6503
854,6508
854,6500
2000,15472
1632,13088
390,3119
1058,7817
1122,8582
1632,13090
1058,7821
796,6388
192,1526
1650,13176
1632,13091
750,5696
1640,13138
582,4305
2000,15487
2000,16150
854,6507
582,4304
796,6388
582,4301
582,4313
854,6509
854,6513
1636,13097
496,3971
854,6502
1210,9814
582,4297
1648,13243
854,6501
582,4295
390,3122
620,4791
390,3123
854,6516
1652,13199
1298,10096
1298,10112
854,6498
956,7455
1632,13090
902,6983
582,4299
482,3851
484,3849
484,3853
390,3126
2000,15345
766,6290
582,4299
582,4303
1096,8089
496,3968
390,3124
390,3131
854,6510
854,6505
2000,16136
582,4304
2000,15501
1636,13100
582,4300
390,3125
484,3847
390,3135
582,4294
582,4299
1648,13244
1122,8583
482,3846
390,3121
766,6297
582,4299
766,6292
796,6388
1172,8926
1658,13292
582,4301
854,6509
854,6507
1652,13205
902,6986
854,6505
1256,9825
1648,13248
854,6504
390,3123
582,4299
854,6508
484,3846
248,1993
2000,15365
484,3850
1648,13247
1648,13244
582,4294
582,4301
556,4113
390,3122
582,4301
654,5029
766,6288
1818,14250
284,2116
1650,13172
390,3123
1172,8923
582,4299
854,6511
364,2971
1640,13126
854,6509
1658,13284
582,4300
582,4309
390,3127
854,6510
854,6507
1324,10111
1324,10115
752,5842
582,4302
582,4303
390,3127
620,4791
1566,12603
390,3125
854,6500
582,4306
1058,7821
2000,16131
854,6503
1632,13090
390,3132
854,6508
582,4304
854,6505
854,6511
482,3852
582,4299
1256,9829
1324,10112
582,4298
390,3126
956,7453
1058,7821
1238,9675
1648,13247
582,4308
582,4302
1122,8582
854,6497
2000,16265
582,4293
1636,13098
582,4298
854,6492
1238,9675
484,3845
1652,13208
482,3854
752,5842
1658,13284
390,3104
582,4303
766,6295
1652,13202
390,3133
582,4303
1078,8108
582,4296
582,4296
766,6293
2000,16312
854,6505
1108,8501
902,6981
854,6500
582,4307
854,6514
524,4177
1122,8575
582,4305
582,4303
582,4301
776,6169
664,5349
390,3127
854,6505
1122,8582
854,6507
582,4304
1210,9812
2000,15977
854,6514
854,6496
1324,10114
902,6983
1818,14251
854,6505
854,6510
390,3115
390,3122
1654,13261
396,2932
582,4300
854,6507
766,6296
1298,10104
516,4038
854,6511
484,3859
854,6511
582,4304
1566,12604
390,3125
390,3123
2000,15369
582,4303
766,6290
582,4304
582,4301
1256,9822
484,3846
1566,12607
484,3858
2000,15357
854,6504
902,6986
854,6508
1172,8921
1636,13099
902,6987
766,6290
854,6512
1632,13090
582,4310
1030,8231
582,4300
1566,12618
854,6507
1154,8954
1212,9850
396,2932
582,4297
390,3119
1652,13205
688,4999
1566,12613
1172,8916
582,4307
396,2932
582,4307
810,6458
582,4303
1122,8578
582,4296
390,3122
1154,8945
854,6512
752,5843
1154,8952
496,3968
582,4305
390,3125
1650,13172
766,6292
582,4300
582,4303
192,1522
364,2966
1122,8581
724,5730
1210,9810
1058,7820
390,3126
582,4305
582,4302
1632,13088
390,3129
854,6516
516,4039
854,6512
390,3128
1636,13098
1058,7815
902,6983
1648,13245
1256,9825
1650,13171
854,6515
1644,13145
1238,9672
2000,16396
582,4309
1636,13101
582,4306
1298,10104
1648,13244
2000,16179
1238,9674
902,6983
190,1581
1658,13281
1058,7821
390,3125
1396,10674
582,4302
1414,11335
1666,13481
1172,9102
676,5283
1558,12075
1414,11336
796,6164
1414,11336
470,3383
1216,9408
1654,13295
1558,12111
322,2541
796,6167
784,6433
1414,11350
1414,11338
558,4124
784,6433
1558,12105
954,7635
796,6165
470,3372
1414,11334
1216,9405
2000,15375
784,6433
470,3375
1498,11513
470,3378
1414,11339
2000,16357
1414,11329
1106,8483
2000,16201
1654,13297
956,7425
470,3383
1216,9400
1414,11343
618,4726
1892,15079
852,6649
608,4858
2000,16379
1414,11333
596,4674
584,4540
1076,8235
998,7651
1414,11337
594,4418
2000,16193
884,6873
278,2285
796,6164
608,4858
796,6164
470,3377
1172,9103
1216,9403
604,4656
1300,10068
1414,11339
796,6164
796,6162
2000,16359
584,4540
1216,9403
1076,8235
1830,14786
1414,11339
1654,13289
1414,11334
1414,11352
956,7423
796,6169
1892,15073
1414,11333
558,4127
1634,12547
796,6167
1414,11353
470,3375
1062,8341
1656,13253
1554,12057
1184,9193
2000,16361
1216,9402
486,3879
724,5774
498,4017
1106,8487
704,5463
470,3381
1558,12076
784,6428
884,6875
470,3379
1172,9097
1630,13120
1386,10983
1414,11336
470,3379
594,4424
584,4555
1652,13198
784,6433
1076,8239
1172,9102
1830,14786
1554,12058
1666,13478
796,6159
956,7424
704,5455
1630,13117
1382,11137
796,6162
1216,9404
796,6165
1414,11327
884,6869
470,3385
1414,11344
796,6162
804,6433
1414,11339
594,4416
796,6167
378,3067
796,6161
1414,11340
1076,8241
604,4650
796,6169
1626,13066
1414,11336
796,6169
470,3388
470,3383
468,3726
584,4546
486,3874
1216,9401
322,2541
784,6433
378,3072
470,3384
884,6869
546,4148
796,6163
796,6165
1038,7936
470,3381
796,6163
558,4125
954,7747
322,2537
954,7636
704,5463
1650,13281
584,4542
784,6433
1172,9107
1558,12110
392,2987
1238,9659
1382,11132
558,4131
2000,16364
232,1856
1830,14787
796,6165
1076,8236
1554,12058
804,6435
594,4420
884,7058
1382,11132
470,3385
1666,13481
1238,9674
704,5459
1158,9362
498,4019
796,6167
1414,11338
1106,8482
378,3069
796,6167
796,6167
470,3376
232,1854
1172,9103
884,6873
674,4885
852,6650
562,4128
998,7655
954,7631
562,4134
1216,9403
796,6164
470,3378
956,7422
1414,11338
558,4124
1414,11332
784,6433
1830,14786
470,3377
1414,11339
1184,9194
1498,11508
1216,9404
1106,8477
378,3073
1654,13289
884,7062
956,7422
1626,13066
1414,11336
804,6429
1414,11339
1414,11336
884,6872
970,7901
1630,13126
472,3390
470,3380
1654,13297
1558,12075
1382,11139
470,3377
784,6433
586,4566
796,6165
1216,9407
1172,9102
472,3395
558,4128
342,2603
796,6167
2000,16371
1244,9634
444,3594
1626,13067
2000,16365
378,3071
1558,12077
1172,9098
1382,11136
1414,11339
1216,9398
1216,9404
1414,11335
1106,8482
796,6166
954,7636
470,3382
1076,8238
722,5683
470,3376
470,3389
1626,13066
1076,8235
1892,15086
722,5691
1666,13478
796,6161
796,6165
1216,9408
470,3374
796,6166
1184,9191
1654,13292
956,7422
1414,11342
1414,11334
804,6428
1830,14787
1244,9636
784,6433
1158,9362
796,6167
470,3379
1558,12105
1414,11344
1172,9104
1626,13064
470,3382
1382,11134
498,4017
796,6166
570,4514
858,6533
470,3374
1172,9103
796,6164
1172,9104
1076,8230
954,7743
498,4026
470,3382
1558,12074
784,6433
1172,9100
470,3385
1414,11347
1076,8232
956,7423
1172,9102
470,3375
1216,9409
1558,12075
796,6169
704,5459
1106,8487
1172,9102
784,6428
1172,9105
470,3377
1238,9669
420,3270
470,3380
594,4416
1626,13067
1356,10314
1414,11337
1634,12534
1414,11331
884,6874
1356,10316
956,7425
470,3376
1382,11138
784,6428
1558,12107
1382,11134
796,6164
470,3386
640,4985
470,3376
1244,9634
470,3382
1038,7943
796,6166
1414,11346
784,6428
796,6166
796,6164
2000,16355
1648,13247
956,7425
796,6162
852,6655
608,4859
378,3065
470,3381
470,3383
704,5458
796,6165
1656,13248
464,3387
1666,13480
594,4417
470,3379
1558,12072
796,6165
1106,8487
470,3378
1414,11339
594,4421
1414,11328
1414,11333
884,6876
322,2541
1106,8481
704,5465
784,6433
470,3384
784,6433
704,5457
704,5458
378,3072
470,3372
1382,11135
1216,9407
498,4014
784,6433
1554,12058
1498,11514
1382,11136
2000,16369
1238,9669
956,7420
1414,11345
1184,9188
1414,11334
594,4415
1382,11130
552,4084
1554,12058
1414,11336
796,6165
400,3206
378,3070
1172,9104
1414,11333
470,3379
470,3383
1656,13251
594,4423
342,2606
392,2986
1414,11333
1630,13140
1414,11327
1558,12077
796,6162
704,5459
884,6877
1648,13179
1648,13185
1382,11133
1414,11333
796,6165
1172,9103
1172,9103
570,4512
796,6162
704,5455
1414,11339
796,6165
796,6163
470,3382
1414,11341
1414,11334
796,6161
604,4638
2000,16358
796,6166
584,4540
470,3381
796,6166
498,4017
1558,12076
796,6164
608,4859
498,4019
704,5463
1238,9661
804,6433
470,3379
464,3388
956,7422
1216,9402
704,5459
956,7422
954,7631
1558,12110
796,6165
1382,11127
1038,7936
470,3384
1414,11338
816,6538
1626,13068
796,6164
796,6169
470,3381
1498,11506
1216,9401
1414,11336
1106,8480
784,6433
804,6430
1414,11336
1172,9104
2000,16342
470,3378
796,6165
1892,15086
1414,11336
884,6872
1216,9405
1558,12077
724,5733
594,4427
1634,12539
1172,9100
1172,9103
784,6433
594,4421
470,3378
1106,8483
498,4020
1172,9103
1630,13140
884,6873
796,6163
1656,13257
470,3378
784,6433
796,6169
470,3379
1238,9668
796,6164
1216,9404
1654,13294
570,4513
470,3381
1172,9099
1666,13475
1172,9098
784,6433
1650,13300
556,4323
884,6875
604,4644
470,3382
392,2981
796,6166
884,6877
470,3391
1172,9102
584,4530
2000,16183
956,7422
470,3383
570,4513
1666,13476
470,3377
2000,16337
464,3386
1238,9672
1172,9099
1414,11336
690,5014
1542,12547
858,6526
1238,9659
1184,9193
594,4416
470,3378
1172,9100
1626,13069
1558,12110
796,6164
1414,11336
1498,11507
954,7631
594,4422
1654,13295
784,6433
704,5447
1216,9405
796,6166
1158,9355
378,3068
796,6169
784,6433
470,3377
470,3382
1626,13066
594,4419
1634,12538
486,3868
1654,13294
1238,9668
1172,9104
2000,16347
470,3376
1554,12061
1356,10317
1414,11336
1238,9668
796,6164
704,5449
1238,9667
1848,14217
1414,11338
704,5450
470,3381
1076,8233
570,4511
470,3387
470,3385
634,4808
784,6433
470,3379
2000,16177
1382,11135
594,4415
796,6164
1184,9191
498,4023
1498,11507
1414,11343
956,7422
470,3383
1244,9632
470,3381
1172,9098
1172,9099
1630,13120
1106,8474
1172,9102
884,6874
704,5462
784,6433
1558,12077
1414,11346
470,3382
378,3072
470,3383
1848,14216
724,5774
796,6162
796,6162
1414,11339
956,7422
2000,16348
884,6874
1238,9673
796,6169
400,3201
796,6164
594,4420
1554,12061
1216,9405
722,5687
796,6164
470,3381
1244,9634
1172,9100
704,5453
470,3384
852,6651
1172,9100
468,3722
784,6433
604,4652
604,4650
796,6166
796,6167
796,6164
884,6873
954,7636
1106,8483
1414,11339
704,5455
342,2603
954,7634
584,4544
470,3384
1172,9103
804,6434
784,6433
1654,13294
470,3381
1558,12112
1892,15079
470,3384
884,6867
1216,9405
1654,13291
1382,11133
704,5462
2000,16358
1382,11125
392,2983
470,3374
954,7632
796,6169
796,6163
570,4517
796,6165
1216,9405
470,3380
796,6161
954,7635
796,6164
796,6164
1076,8235
1414,11333
784,6433
1414,11338
392,2980
796,6163
1414,11339
1666,13478
470,3381
796,6164
784,6433
956,7419
378,3065
1558,12071
1106,8485
594,4423
1382,11138
796,6162
1414,11336
1238,9668
1414,11336
584,4544
1172,9104
562,4126
884,6872
956,7422
796,6165
1172,9097
470,3382
704,5460
784,6433
342,2603
1652,13202
608,4864
704,5460
470,3376
470,3384
1558,12080
1076,8233
1172,9102
1244,9639
1558,12079
796,6167
2000,16198
1172,9102
584,4540
1892,15079
796,6162
1650,13299
1558,12110
796,6169
1558,12074
796,6166
594,4423
1630,13116
1414,11334
1542,12543
1106,8486
1558,12071
1656,13254
470,3382
704,5466
796,6164
1382,11132
1076,8232
1172,9094
956,7423
1648,13181
498,4026
470,3381
1414,11340
784,6433
884,6873
674,4884
1172,9103
796,6169
1106,8477
704,5461
956,7422
784,6433
722,5685
1076,8232
498,4023
1062,8351
1106,8482
884,6867
1216,9405
1830,14791
392,2988
1244,9632
1414,11333
1654,13294
1414,11333
570,4512
342,2597
1244,9636
970,7904
956,7424
1172,9099
1216,9405
640,4983
956,7425
784,6433
956,7425
470,3380
704,5453
470,3376
1356,10316
1414,11339
1414,11334
704,5465
1414,11339
570,4510
444,3594
1652,13196
796,6166
1172,9102
688,4999
470,3385
954,7753
784,6428
1654,13295
1106,8487
796,6166
852,6652
470,3380
1076,8240
470,3374
1554,12061
1216,9400
1172,9100
884,6872
1172,9103
796,6164
1666,13481
796,6163
2000,16187
970,7904
1892,15079
1382,11110
704,5461
1216,9401
796,6167
470,3387
804,6432
704,5455
884,6880
470,3377
704,5461
1414,11333
1414,11339
470,3381
796,6166
1216,9404
594,4424
232,1859
1414,11331
796,6164
470,3375
954,7747
232,1853
1172,9102
704,5463
784,6433
602,4674
1498,11506
796,6163
594,4422
1382,11122
1106,8483
956,7424
796,6169
796,6164
956,7423
1216,9408
884,6873
858,6529
1238,9668
1650,13309
796,6165
954,7747
1892,15085
1414,11341
378,3069
2000,16340
884,6881
378,3063
470,3379
470,3379
470,3377
784,6433
392,2986
470,3385
1106,8487
470,3379
956,7425
1382,11133
1244,9633
1414,11337
884,6875
784,6433
1216,9407
1172,9094
1244,9641
470,3377
1216,9402
1652,13194
1414,11349
596,4674
594,4420
784,6433
1238,9671
690,5021
1106,8489
796,6165
704,5459
470,3384
1414,11344
796,6164
852,6651
192,1599
784,6433
954,7634
470,3384
1216,9406
956,7425
704,5460
470,3381
1414,11343
796,6166
618,4719
884,6867
796,6164
1414,11336
1414,11345
1542,12545
470,3383
884,6873
1172,9104
608,4864
1554,12057
470,3379
1414,11336
1356,10314
1172,9098
470,3384
796,6163
1650,13280
1558,12110
594,4420
1106,8484
2000,16368
570,4511
594,4423
1656,13247
628,5158
1414,11342
852,6647
796,6167
784,6428
1558,12078
322,2540
1554,12054
852,6651
796,6169
470,3377
1554,12051
704,5461
1216,9402
1414,11353
1172,9103
998,7655
1216,9398
796,6161
1666,13479
884,6867
1108,8493
1652,13195
796,6169
570,4512
1652,13188
1414,11338
1216,9402
884,6870
470,3378
2000,16377
470,3381
1892,15087
784,6433
584,4532
884,6873
570,4515
1650,13307
628,5154
1076,8233
998,7657
1216,9400
1666,13479
1076,8238
796,6162
1626,13067
1184,9191
884,6874
378,3070
1106,8484
470,3384
1076,8233
322,2542
1244,9635
1542,12547
594,4420
1542,12549
1216,9404
2000,16348
796,6165
1558,12074
1382,11134
1558,12077
796,6167
1382,11131
1414,11331
1216,9401
796,6166
1172,9099
1172,9101
1216,9402
1076,8232
1386,10986
1244,9639
1630,13123
1658,13251
1414,11344
1216,9411
796,6166
1382,11122
1386,10988
470,3380
784,6433
594,4420
1106,8483
1626,13066
464,3389
470,3374
1630,13117
594,4425
1414,11334
444,3596
470,3382
796,6167
784,6433
1414,11331
470,3386
1356,10314
1498,11507
1184,9190
1382,11133
604,4646
470,3377
470,3380
1652,13204
470,3383
722,5688
704,5451
392,2987
1558,12111
604,4648
1216,9404
470,3383
704,5464
954,7634
1244,9638
486,3877
1356,10318
470,3383
1414,11332
796,6165
1414,11327
1414,11338
1382,11138
1414,11348
852,6652
1172,9104
558,4127
884,6872
784,6433
1172,9103
470,3390
470,3382
884,6867
784,6433
470,3371
1386,10973
884,6876
470,3378
378,3070
1414,11333
1652,13196
1108,8490
1892,15080
594,4416
1558,12076
1216,9404
1654,13289
796,6165
998,7654
884,6869
1414,11338
784,6433
796,6164
1666,13480
342,2603
470,3379
796,6162
884,6870
796,6167
1106,8483
1172,9104
472,3391
470,3380
1238,9672
1356,10317
796,6164
1654,13293
470,3378
2000,16353
1558,12076
562,4126
784,6433
852,6650
608,4858
1216,9401
1172,9102
1650,13284
1554,12054
1558,12079
1172,9099
784,6433
796,6162
1652,13195
554,4097
796,6169
470,3380
470,3377
1238,9664
470,3380
1106,8487
1382,11133
704,5466
784,6433
1184,9191
796,6167
796,6164
796,6165
470,3381
470,3382
470,3382
470,3380
420,3265
956,7422
796,6169
796,6169
1414,11331
884,6874
796,6162
1558,12111
884,6875
784,6433
1654,13292
884,6871
1106,8474
392,2982
470,3384
322,2540
796,6165
470,3381
884,6872
470,3382
1558,12072
558,4128
584,4528
584,4553
998,7655
704,5459
796,6166
804,6432
596,4670
1238,9672
1172,9102
1172,9102
470,3387
796,6165
688,4998
1172,9102
1558,12111
704,5456
852,6647
722,5685
470,3377
1414,11342
1414,11341
884,6867
1648,13180
796,6164
796,6165
884,6872
1414,11336
1414,11334
1666,13479
558,4130
608,4864
1666,13478
1172,9103
470,3378
1106,8480
1172,9100
1076,8233
470,3385
704,5458
1216,9404
1382,11133
1172,9102
470,3385
1172,9100
1558,12108
470,3381
1244,9639
486,3875
470,3376
470,3376
1654,13292
1626,13068
884,6873
704,5455
594,4421
704,5451
1414,11343
558,4129
1414,11347
1216,9400
470,3385
470,3379
1414,11346
1558,12110
378,3067
796,6169
498,4016
470,3381
2000,16371
1172,9097
1554,12061
884,6873
470,3384
470,3377
498,4021
1106,8481
1076,8237
1650,13301
470,3380
1216,9401
858,6530
1830,14790
1654,13295
420,3270
796,6159
584,4540
470,3385
1892,15087
1666,13479
796,6165
956,7423
444,3597
676,5280
784,6433
1356,10317
1558,12108
956,7423
1356,10316
2000,16373
558,4123
1650,13306
1414,11336
1172,9103
1386,10984
1106,8486
1216,9402
704,5459
2000,16346
470,3397
784,6433
884,7053
1414,11334
1666,13480
470,3379
796,6164
1554,12057
602,4664
796,6169
1216,9402
1414,11334
1244,9635
1626,13067
956,7422
1626,13066
1382,11133
1414,11334
558,4126
586,4571
558,4133
470,3378
796,6166
884,6877
470,3385
1216,9402
1106,8481
2000,16360
1558,12062
392,2983
1172,9099
1356,10314
884,6873
784,6433
2000,16353
1654,13293
884,6874
1216,9406
1216,9401
1244,9636
584,4542
468,3722
1558,12110
1414,11336
470,3376
1554,12056
1830,14790
342,2603
470,3373
852,6651
1414,11344
796,6165
2000,16363
470,3380
486,3876
1656,13254
470,3382
1414,11338
342,2597
570,4513
884,6875
1554,12053
704,5464
1414,11338
1106,8485
1382,11133
1216,9402
1076,8228
1382,11140
1414,11343
954,7631
2000,15363
704,5453
784,6433
1648,13181
796,6165
1652,13195
322,2538
1106,8489
470,3378
1414,11337
912,6944
956,7422
470,3384
470,3379
1244,9639
2000,15685
856,6498
1654,13295
1648,13179
1630,13135
1414,11336
704,5458
676,5285
1382,11134
470,3379
470,3378
470,3375
1414,11333
1892,15086
1558,12105
1414,11346
558,4129
1654,13297
1558,12083
1830,14785
704,5458
470,3379
470,3379
2000,16336
1414,11333
796,6162
1244,9635
470,3380
1666,13479
604,4650
1630,13120
1172,9103
1076,8233
486,3872
1216,9409
594,4423
470,3378
956,7422
1172,9103
1076,8232
1554,12054
1184,9189
796,6165
1244,9635
884,6875
1172,9093
954,7743
1650,13298
722,5686
2000,16346
1558,12108
486,3879
2000,16362
796,6166
468,3726
784,6433
1498,11513
640,4983
1076,8242
704,5459
1630,13142
1414,11338
796,6167
470,3380
956,7423
1382,11133
470,3378
784,6433
796,6165
1414,11336
472,3393
688,4995
584,4536
1666,13478
1172,9099
1630,13123
1356,10317
498,4019
884,6869
784,6428
852,6651
1158,9355
470,3379
1356,10316
796,6165
796,6169
1554,12051
1558,12108
586,4573
954,7635
784,6433
1172,9102
884,6876
392,2982
1558,12072
470,3375
1184,9190
470,3389
1626,13064
1216,9401
704,5459
1654,13293
956,7423
796,6163
796,6165
1172,9105
704,5450
558,4127
1244,9639
1414,11335
2000,16352
796,6164
796,6166
796,6165
1172,9113
1626,13065
1382,11130
1172,9099
1172,9104
556,4112
1216,9404
470,3381
884,7059
796,6169
784,6433
1356,10314
1630,13118
1356,10314
1414,11342
724,5733
1106,8483
594,4416
1076,8235
796,6162
796,6166
956,7422
796,6169
956,7422
1626,13067
1216,9415
470,3383
470,3387
470,3382
1172,9099
470,3386
498,4014
1216,9398
1626,13064
1216,9408
1554,12053
584,4546
1414,11333
1626,13066
796,6165
470,3381
1558,12080
470,3388
1382,11136
1172,9102
470,3381
1244,9637
784,6433
884,6873
1558,12107
884,6877
1650,13304
796,6169
634,4810
796,6165
1414,11342
1650,13304
1558,12072
1382,11132
470,3374
796,6165
470,3389
674,4880
470,3380
1626,13066
796,6166
784,6433
470,3375
470,3375
858,6529
1382,11132
1172,9099
1172,9104
1654,13295
470,3382
1558,12075
378,3063
884,6872
1216,9404
1382,11132
470,3374
1626,13066
470,3379
232,1858
796,6169
852,6651
470,3382
1626,13064
470,3379
884,7059
1848,14221
1892,15080
1076,8244
558,4127
1650,13303
1414,11334
1172,9102
1356,10313
470,3379
1830,14786
1216,9401
470,3376
1630,13110
1172,9102
470,3377
884,6874
1158,9356
486,3872
1414,11336
470,3378
470,3381
470,3375
1654,13295
570,4510
1626,13066
1172,9100
956,7423
1414,11346
784,6433
470,3380
378,3067
1558,12072
1414,11338
796,6165
470,3383
1666,13479
796,6165
594,4416
704,5464
1414,11337
470,3380
1630,13117
704,5465
1172,9101
1654,13289
2000,16334
796,6169
594,4418
1666,13479
1106,8483
796,6165
470,3389
884,6872
1414,11334
784,6433
796,6163
1414,11334
796,6164
2000,16349
584,4544
1414,11345
468,3722
852,6650
796,6169
1244,9639
468,3725
1414,11339
498,4022
884,6874
608,4859
1172,9102
954,7632
1414,11333
594,4418
1626,13065
1216,9400
884,6869
1554,12054
1382,11133
1106,8483
852,6650
642,5155
470,3382
594,4423
1216,9403
470,3377
2000,16366
796,6165
1414,11338
1666,13480
1172,9105
2000,15360
796,6164
584,4550
470,3376
852,6652
1654,13291
1414,11327
2000,15369
1414,11340
608,4859
954,7636
1172,9099
584,4542
1558,12076
1216,9401
998,7657
1414,11336
1414,11333
1244,9631
796,6166
796,6162
470,3377
562,4133
232,1854
1666,13479
1172,9104
1106,8474
470,3376
1216,9402
1172,9108
470,3380
1892,15088
558,4129
1076,8231
470,3377
1172,9100
1216,9400
1184,9190
884,6889
1382,11133
796,6166
470,3383
470,3378
956,7422
470,3378
1414,11339
1106,8487
784,6433
1184,9192
1382,11136
470,3373
796,6166
956,7424
558,4127
1414,11343
2000,16356
796,6165
796,6167
1650,13286
562,4126
392,2983
884,6874
796,6162
1216,9400
1184,9193
1038,7940
2000,16342
1108,8489
470,3376
852,6653
470,3376
784,6433
342,2597
608,4859
784,6433
1382,11137
1626,13067
1414,11334
472,3393
784,6433
1626,13063
1414,11331
470,3379
796,6166
1216,9408
784,6433
628,5161
804,6430
796,6162
562,4130
796,6166
584,4522
556,4328
704,5452
470,3374
1216,9407
784,6433
1414,11343
1630,13117
956,7423
796,6165
342,2600
884,7058
1558,12113
852,6648
470,3365
392,2980
1172,9104
1172,9098
232,1852
634,4808
704,5472
956,7422
1414,11336
1554,12061
470,3382
1172,9100
1558,12111
796,6165
1106,8481
472,3394
1630,13113
1414,11336
486,3876
1892,15081
1652,13196
1172,9104
704,5455
1414,11338
884,7062
796,6162
1238,9668
796,6169
378,3069
884,6872
1382,11139
1558,12069
1184,9191
1382,11133
470,3380
392,2988
608,4864
1666,13478
1830,14784
1414,11342
470,3382
1414,11334
1626,13066
1184,9196
1356,10316
1626,13066
796,6166
784,6433
584,4534
956,7418
1554,12057
470,3381
1238,9672
704,5455
704,5459
998,7657
470,3379
1172,9105
498,4017
2000,16372
1414,11332
796,6166
784,6433
784,6433
796,6169
1076,8236
804,6432
956,7424
378,3071
796,6161
796,6166
884,6877
1414,11338
1630,13140
1414,11337
498,4020
1666,13480
784,6433
470,3378
1382,11120
608,4859
470,3375
796,6167
1666,13479
498,4023
1558,12075
486,3874
1498,11510
2000,15354
1158,9351
998,7656
2000,16373
1558,12069
784,6433
584,4540
884,6875
796,6165
1414,11346
584,4556
1414,11344
1356,10317
1654,13294
704,5459
470,3377
1038,7939
1106,8486
1414,11331
1382,11139
608,4859
1172,9099
594,4423
470,3379
884,6872
1244,9634
1172,9102
1654,13292
1386,10987
884,6870
796,6164
956,7419
1648,13247
2000,15370
1172,9102
1656,13251
704,5459
470,3377
956,7422
784,6433
392,2985
1108,8487
1216,9399
1652,13196
1558,12115
1356,10317
1414,11343
470,3382
1830,14786
470,3384
470,3387
2000,15685
1172,9104
470,3387
1654,13295
470,3372
470,3383
594,4416
584,4544
1542,12550
1216,9397
1830,14786
1414,11344
1414,11338
378,3068
1216,9405
796,6166
392,2987
1414,11338
1558,12080
1172,9103
796,6165
470,3373
884,6870
378,3072
470,3379
498,4016
1076,8232
628,5157
704,5452
784,6433
1892,15083
498,4017
796,6169
2000,16367
470,3385
470,3381
796,6166
784,6433
784,6433
2000,16356
400,3205
1076,8229
470,3378
1630,13124
470,3382
1356,10314
1038,7944
1382,11131
602,4664
470,3382
1414,11338
1414,11336
1414,11341
498,4023
1630,13140
796,6165
1244,9638
444,3591
1076,8231
884,7057
1172,9099
342,2597
796,6166
784,6433
852,6648
1654,13294
1172,9103
470,3381
998,7656
1892,15073
1414,11352
884,6874
470,3382
1172,9102
1238,9667
1356,10318
562,4126
1106,8488
970,7904
470,3383
1414,11353
796,6164
1184,9191
1648,13179
956,7422
444,3520
1830,14790
470,3382
1414,11336
470,3377
796,6165
784,6433
1554,12061
784,6433
1216,9401
342,2600
1630,13114
558,4126
558,4125
470,3384
1382,11130
560,4390
1542,12541
1244,9636
1558,12112
1172,9100
1652,13196
608,4859
470,3377
796,6169
470,3383
784,6433
2000,16362
570,4512
1172,9099
1892,15086
470,3378
1666,13478
1558,12108
378,3067
570,4509
584,4552
1558,12074
1216,9404
1414,11339
1172,9103
594,4420
784,6433
608,4859
956,7420
1414,11340
1558,12078
1414,11329
594,4418
1630,13124
2000,16337
1558,12069
470,3379
796,6163
796,6165
796,6166
1654,13297
1172,9103
1172,9103
470,3380
378,3070
470,3376
1626,13068
278,2274
470,3372
1158,9352
1414,11334
468,3726
796,6166
1414,11329
884,7058
1172,9105
1554,12058
1184,9190
470,3384
784,6433
796,6164
1414,11334
470,3375
884,7062
1382,11133
322,2540
1634,12542
470,3386
604,4652
2000,16363
704,5461
724,5776
704,5467
1652,13193
1414,11336
584,4546
956,7422
796,6162
2000,16348
784,6433
884,6869
470,3393
1654,13293
1626,13068
1216,9401
1382,11130
956,7422
1238,9659
470,3389
784,6433
884,7058
570,4518
1172,9102
1244,9638
486,3874
796,6166
704,5450
1414,11336
1558,12076
1216,9404
796,6164
1558,12112
1172,9106
1184,9187
1414,11333
1630,13117
1244,9636
1414,11343
1216,9405
392,2988
470,3381
1666,13476
1382,11132
470,3386
1654,13292
1630,13117
470,3377
486,3874
378,3071
1172,9104
852,6650
1414,11333
884,6873
470,3378
1558,12071
1558,12071
1414,11347
444,3594
470,3387
470,3371
1414,11349
1172,9102
1216,9404
1382,11129
562,4129
1652,13198
796,6162
1172,9103
1654,13293
1172,9104
1106,8480
1106,8483
470,3383
784,6433
1414,11352
1172,9104
1414,11345
470,3382
670,5327
470,3378
704,5459
1666,13475
1656,13255
1356,10313
1626,13068
784,6433
704,5457
796,6164
796,6169
1654,13292
796,6167
1626,13067
1244,9639
796,6164
1172,9104
1414,11338
1414,11332
956,7422
724,5774
470,3377
470,3379
1106,8484
470,3380
796,6164
1414,11331
858,6533
796,6166
1216,9408
912,6938
444,3595
1654,13295
796,6166
956,7422
1172,9099
1830,14790
784,6433
392,2982
1414,11342
1414,11333
470,3380
570,4511
470,3382
392,2987
1630,13123
594,4420
796,6167
1172,9105
1654,13293
1216,9408
796,6165
1172,9100
470,3381
704,5453
470,3378
704,5452
1356,10317
594,4418
704,5459
1892,15079
1184,9196
562,4130
1172,9097
674,4883
1414,11337
1630,13123
796,6165
1414,11339
796,6162
470,3383
884,7060
398,3188
1216,9401
912,6932
796,6165
470,3381
594,4419
1184,9191
956,7423
640,4980
998,7655
956,7421
796,6162
1216,9396
2000,16373
796,6162
628,5158
1414,11348
724,5777
784,6433
704,5456
470,3377
674,4882
1184,9191
796,6169
1216,9406
1038,7940
1654,13295
570,4516
1626,13066
468,3722
796,6164
956,7422
858,6533
468,3722
1414,11344
1414,11339
1216,9403
562,4125
468,3722
1172,9103
1558,12108
704,5455
784,6433
470,3375
704,5468
1356,10315
2000,16344
998,7655
322,2541
570,4509
470,3381
1216,9406
1172,9102
470,3383
378,3069
1216,9401
1216,9403
1172,9107
784,6428
470,3375
784,6433
594,4421
1172,9104
1076,8233
804,6432
594,4419
724,5773
1172,9103
1666,13478
796,6165
796,6163
784,6433
608,4858
464,3386
796,6165
884,6873
470,3376
1558,12075
2000,16345
470,3387
470,3378
486,3876
468,3722
1356,10317
1244,9632
1414,11347
1652,13200
470,3378
1626,13066
2000,16360
498,4020
1554,12058
1892,15086
784,6433
796,6167
1238,9665
594,4421
378,3071
784,6433
1654,13297
570,4511
956,7423
1414,11338
470,3377
1892,15084
796,6164
1414,11336
796,6164
1382,11130
1172,9099
594,4419
470,3379
884,7056
796,6164
674,4884
784,6433
1558,12072
1356,10316
628,5156
2000,16365
1216,9400
796,6165
642,5152
470,3388
1300,10065
884,6873
1648,13187
1498,11502
322,2541
1172,9100
796,6165
1172,9102
470,3376
1076,8240
1076,8235
1382,11135
1630,13117
1382,11133
796,6164
1414,11352
428,3375
1172,9103
1414,11339
796,6165
1626,13066
884,6869
1216,9402
322,2542
784,6433
608,4860
570,4515
1356,10316
796,6165
796,6169
470,3388
784,6433
884,6875
1892,15080
1558,12079
796,6166
470,3371
956,7423
378,3068
1382,11133
1382,11136
562,4130
486,3874
796,6167
1382,11135
954,7639
2000,16350
342,2597
1076,8238
640,4983
884,6877
470,3375
1414,11330
378,3067
796,6165
1414,11341
1414,11335
1216,9401
1558,12071
784,6433
954,7753
470,3377
1386,10982
1172,9099
470,3377
784,6428
570,4513
1382,11137
470,3388
1216,9402
